INSERT INTO `persona` (`id`, `apellidos`, `nombres`, `sexo`) VALUES ('1', 'ADMINISTRADOR', 'ODONTOLOGIA', 'M');
INSERT INTO `usuario` (`user_id`, `enabled`, `password`, `persona_id`, `rol`, `username`) VALUES ('1', 1, '$2a$10$D4OLKI6yy68crm.3imC9X.P2xqKHs5TloWUcr6z5XdOqnTrAK84ri', '1', 'A', 'admin');

INSERT INTO `catalogo` (`id`,`catalogo_padre_id`, `nombre`,`estado`) VALUES (30,null,'HISTORIA',1);
INSERT INTO `catalogo` (`id`,`catalogo_padre_id`, `nombre`,`estado`) VALUES (31,30,'PROBLEMAS CARDIACOS',1);
INSERT INTO `catalogo` (`id`,`catalogo_padre_id`, `nombre`,`estado`) VALUES (32,30,'PROBLEMAS ARTERIALES',1);
INSERT INTO `catalogo` (`id`,`catalogo_padre_id`, `nombre`,`estado`) VALUES (33,30,'PROBLEMAS RESPIRATORIOS',1);
INSERT INTO `catalogo` (`id`,`catalogo_padre_id`, `nombre`,`estado`) VALUES (34,30,'PROBLEMAS ALÉRGICOS',1);
INSERT INTO `catalogo` (`id`,`catalogo_padre_id`, `nombre`,`estado`) VALUES (35,30,'TOMA ALGÚN MEDICAMENTO',1);
INSERT INTO `catalogo` (`id`,`catalogo_padre_id`, `nombre`,`estado`) VALUES (36,30,'OPERACIONES',1);

INSERT INTO `catalogo` (`id`,`catalogo_padre_id`, `nombre`,`estado`) VALUES (50,null,'INSTRUCCIONES',1);
INSERT INTO `catalogo` (`id`,`catalogo_padre_id`, `nombre`,`estado`) VALUES (51,50,'PRIMARIA',1);
INSERT INTO `catalogo` (`id`,`catalogo_padre_id`, `nombre`,`estado`) VALUES (52,50,'SECUNDARIA',1);
INSERT INTO `catalogo` (`id`,`catalogo_padre_id`, `nombre`,`estado`) VALUES (53,50,'SUPERIOR',1);

INSERT INTO `catalogo` (`id`,`catalogo_padre_id`, `nombre`,`estado`) VALUES (60,null,'ESTADOS CIVILES',1);
INSERT INTO `catalogo` (`id`,`catalogo_padre_id`, `nombre`,`estado`) VALUES (61,60,'SOLTERO',1);
INSERT INTO `catalogo` (`id`,`catalogo_padre_id`, `nombre`,`estado`) VALUES (62,60,'CASADO',1);
INSERT INTO `catalogo` (`id`,`catalogo_padre_id`, `nombre`,`estado`) VALUES (63,60,'DIVORCIADO',1);
INSERT INTO `catalogo` (`id`,`catalogo_padre_id`, `nombre`,`estado`) VALUES (64,60,'VIUDO',1);
INSERT INTO `catalogo` (`id`,`catalogo_padre_id`, `nombre`,`estado`) VALUES (65,60,'UNION LIBRE',1);

INSERT INTO `catalogo` (`id`,`catalogo_padre_id`, `nombre`,`estado`) VALUES (70,null,'TIPOS DE SANGRE',1);
INSERT INTO `catalogo` (`id`,`catalogo_padre_id`, `nombre`,`estado`) VALUES (71,70,'A +',1);
INSERT INTO `catalogo` (`id`,`catalogo_padre_id`, `nombre`,`estado`) VALUES (72,70,'A -',1);
INSERT INTO `catalogo` (`id`,`catalogo_padre_id`, `nombre`,`estado`) VALUES (73,70,'O +',1);
INSERT INTO `catalogo` (`id`,`catalogo_padre_id`, `nombre`,`estado`) VALUES (74,70,'O -',1);
INSERT INTO `catalogo` (`id`,`catalogo_padre_id`, `nombre`,`estado`) VALUES (75,70,'B -',1);
INSERT INTO `catalogo` (`id`,`catalogo_padre_id`, `nombre`,`estado`) VALUES (76,70,'B +',1);
INSERT INTO `catalogo` (`id`,`catalogo_padre_id`, `nombre`,`estado`) VALUES (77,70,'AB -',1);
INSERT INTO `catalogo` (`id`,`catalogo_padre_id`, `nombre`,`estado`) VALUES (78,70,'AB +',1);

INSERT INTO `catalogo` (`id`,`catalogo_padre_id`, `nombre`,`estado`) VALUES (80,null,'ANTECEDENTES',1);
INSERT INTO `catalogo` (`id`,`catalogo_padre_id`, `nombre`,`estado`) VALUES (81,80,'ALERGIAS',1);
INSERT INTO `catalogo` (`id`,`catalogo_padre_id`, `nombre`,`estado`) VALUES (82,80,'ASMA',1);
INSERT INTO `catalogo` (`id`,`catalogo_padre_id`, `nombre`,`estado`) VALUES (83,80,'CÁNCER',1);
INSERT INTO `catalogo` (`id`,`catalogo_padre_id`, `nombre`,`estado`) VALUES (84,80,'CARDIOVASCULAR',1);
INSERT INTO `catalogo` (`id`,`catalogo_padre_id`, `nombre`,`estado`) VALUES (85,80,'DIABETES',1);
INSERT INTO `catalogo` (`id`,`catalogo_padre_id`, `nombre`,`estado`) VALUES (86,80,'HIPERTENSIÓN',1);

INSERT INTO `catalogo` (`id`,`catalogo_padre_id`, `nombre`,`estado`) VALUES (100,null,'PROVINCIAS',1);
INSERT INTO `catalogo` (`id`,`catalogo_padre_id`, `nombre`,`estado`) VALUES (101,100,'AZUAY',1);
INSERT INTO `catalogo` (`id`,`catalogo_padre_id`, `nombre`,`estado`) VALUES (102,100,'BOLIVAR',1);
INSERT INTO `catalogo` (`id`,`catalogo_padre_id`, `nombre`,`estado`) VALUES (103,100,'CAÑAR',1);
INSERT INTO `catalogo` (`id`,`catalogo_padre_id`, `nombre`,`estado`) VALUES (104,100,'CARCHI',1);
INSERT INTO `catalogo` (`id`,`catalogo_padre_id`, `nombre`,`estado`) VALUES (105,100,'COTOPAXI',1);
INSERT INTO `catalogo` (`id`,`catalogo_padre_id`, `nombre`,`estado`) VALUES (106,100,'CHIMBORAZO',1);
INSERT INTO `catalogo` (`id`,`catalogo_padre_id`, `nombre`,`estado`) VALUES (107,100,'EL ORO',1);
INSERT INTO `catalogo` (`id`,`catalogo_padre_id`, `nombre`,`estado`) VALUES (108,100,'ESMERALDAS',1);
INSERT INTO `catalogo` (`id`,`catalogo_padre_id`, `nombre`,`estado`) VALUES (109,100,'GUAYAS',1);
INSERT INTO `catalogo` (`id`,`catalogo_padre_id`, `nombre`,`estado`) VALUES (110,100,'IMBABURA',1);
INSERT INTO `catalogo` (`id`,`catalogo_padre_id`, `nombre`,`estado`) VALUES (111,100,'LOJA',1);
INSERT INTO `catalogo` (`id`,`catalogo_padre_id`, `nombre`,`estado`) VALUES (112,100,'LOS RIOS',1);
INSERT INTO `catalogo` (`id`,`catalogo_padre_id`, `nombre`,`estado`) VALUES (113,100,'MANABI',1);
INSERT INTO `catalogo` (`id`,`catalogo_padre_id`, `nombre`,`estado`) VALUES (114,100,'MORONA SANTIAGO',1);
INSERT INTO `catalogo` (`id`,`catalogo_padre_id`, `nombre`,`estado`) VALUES (115,100,'NAPO',1);
INSERT INTO `catalogo` (`id`,`catalogo_padre_id`, `nombre`,`estado`) VALUES (116,100,'PASTAZA',1);
INSERT INTO `catalogo` (`id`,`catalogo_padre_id`, `nombre`,`estado`) VALUES (117,100,'PICHINCHA',1);
INSERT INTO `catalogo` (`id`,`catalogo_padre_id`, `nombre`,`estado`) VALUES (118,100,'TUNGURAHUA',1);
INSERT INTO `catalogo` (`id`,`catalogo_padre_id`, `nombre`,`estado`) VALUES (119,100,'ZAMORA CHINCHIPE',1);
INSERT INTO `catalogo` (`id`,`catalogo_padre_id`, `nombre`,`estado`) VALUES (120,100,'GALAPAGOS',1);
INSERT INTO `catalogo` (`id`,`catalogo_padre_id`, `nombre`,`estado`) VALUES (121,100,'SUCUMBIOS',1);
INSERT INTO `catalogo` (`id`,`catalogo_padre_id`, `nombre`,`estado`) VALUES (122,100,'ORELLANA',1);
INSERT INTO `catalogo` (`id`,`catalogo_padre_id`, `nombre`,`estado`) VALUES (123,100,'SANTO DOMINGO DE LOS TSACHILAS',1);
INSERT INTO `catalogo` (`id`,`catalogo_padre_id`, `nombre`,`estado`) VALUES (124,100,'SANTA ELENA',1);
INSERT INTO `catalogo` (`id`,`catalogo_padre_id`, `nombre`,`estado`) VALUES (125,100,'ZONAS NO DELIMITADAS',1);
-- CANTONES
INSERT INTO `catalogo` (`id`,`catalogo_padre_id`, `nombre`,`estado`) VALUES (201,101,'CUENCA',1);
INSERT INTO `catalogo` (`id`,`catalogo_padre_id`, `nombre`,`estado`) VALUES (202,101,'GIRÓN',1);
INSERT INTO `catalogo` (`id`,`catalogo_padre_id`, `nombre`,`estado`) VALUES (203,101,'GUALACEO',1);
INSERT INTO `catalogo` (`id`,`catalogo_padre_id`, `nombre`,`estado`) VALUES (204,101,'NABÓN',1);
INSERT INTO `catalogo` (`id`,`catalogo_padre_id`, `nombre`,`estado`) VALUES (205,101,'PAUTE',1);
INSERT INTO `catalogo` (`id`,`catalogo_padre_id`, `nombre`,`estado`) VALUES (206,101,'PUCARA',1);
INSERT INTO `catalogo` (`id`,`catalogo_padre_id`, `nombre`,`estado`) VALUES (207,101,'SAN FERNANDO',1);
INSERT INTO `catalogo` (`id`,`catalogo_padre_id`, `nombre`,`estado`) VALUES (208,101,'SANTA ISABEL',1);
INSERT INTO `catalogo` (`id`,`catalogo_padre_id`, `nombre`,`estado`) VALUES (209,101,'SIGSIG',1);
INSERT INTO `catalogo` (`id`,`catalogo_padre_id`, `nombre`,`estado`) VALUES (210,101,'OÑA',1);
INSERT INTO `catalogo` (`id`,`catalogo_padre_id`, `nombre`,`estado`) VALUES (211,101,'CHORDELEG',1);
INSERT INTO `catalogo` (`id`,`catalogo_padre_id`, `nombre`,`estado`) VALUES (212,101,'EL PAN',1);
INSERT INTO `catalogo` (`id`,`catalogo_padre_id`, `nombre`,`estado`) VALUES (213,101,'SEVILLA DE ORO',1);
INSERT INTO `catalogo` (`id`,`catalogo_padre_id`, `nombre`,`estado`) VALUES (214,101,'GUACHAPALA',1);
INSERT INTO `catalogo` (`id`,`catalogo_padre_id`, `nombre`,`estado`) VALUES (215,101,'CAMILO PONCE ENRÍQUEZ',1);
INSERT INTO `catalogo` (`id`,`catalogo_padre_id`, `nombre`,`estado`) VALUES (216,102,'GUARANDA',1);
INSERT INTO `catalogo` (`id`,`catalogo_padre_id`, `nombre`,`estado`) VALUES (217,102,'CHILLANES',1);
INSERT INTO `catalogo` (`id`,`catalogo_padre_id`, `nombre`,`estado`) VALUES (218,102,'CHIMBO',1);
INSERT INTO `catalogo` (`id`,`catalogo_padre_id`, `nombre`,`estado`) VALUES (219,102,'ECHEANDÍA',1);
INSERT INTO `catalogo` (`id`,`catalogo_padre_id`, `nombre`,`estado`) VALUES (220,102,'SAN MIGUEL',1);
INSERT INTO `catalogo` (`id`,`catalogo_padre_id`, `nombre`,`estado`) VALUES (221,102,'CALUMA',1);
INSERT INTO `catalogo` (`id`,`catalogo_padre_id`, `nombre`,`estado`) VALUES (222,102,'LAS NAVES',1);
INSERT INTO `catalogo` (`id`,`catalogo_padre_id`, `nombre`,`estado`) VALUES (223,103,'AZOGUES',1);
INSERT INTO `catalogo` (`id`,`catalogo_padre_id`, `nombre`,`estado`) VALUES (224,103,'BIBLIÁN',1);
INSERT INTO `catalogo` (`id`,`catalogo_padre_id`, `nombre`,`estado`) VALUES (225,103,'CAÑAR',1);
INSERT INTO `catalogo` (`id`,`catalogo_padre_id`, `nombre`,`estado`) VALUES (226,103,'LA TRONCAL',1);
INSERT INTO `catalogo` (`id`,`catalogo_padre_id`, `nombre`,`estado`) VALUES (227,103,'EL TAMBO',1);
INSERT INTO `catalogo` (`id`,`catalogo_padre_id`, `nombre`,`estado`) VALUES (228,103,'DÉLEG',1);
INSERT INTO `catalogo` (`id`,`catalogo_padre_id`, `nombre`,`estado`) VALUES (229,103,'SUSCAL',1);
INSERT INTO `catalogo` (`id`,`catalogo_padre_id`, `nombre`,`estado`) VALUES (230,104,'TULCÁN',1);
INSERT INTO `catalogo` (`id`,`catalogo_padre_id`, `nombre`,`estado`) VALUES (231,104,'BOLÍVAR',1);
INSERT INTO `catalogo` (`id`,`catalogo_padre_id`, `nombre`,`estado`) VALUES (232,104,'ESPEJO',1);
INSERT INTO `catalogo` (`id`,`catalogo_padre_id`, `nombre`,`estado`) VALUES (233,104,'MIRA',1);
INSERT INTO `catalogo` (`id`,`catalogo_padre_id`, `nombre`,`estado`) VALUES (234,104,'MONTÚFAR',1);
INSERT INTO `catalogo` (`id`,`catalogo_padre_id`, `nombre`,`estado`) VALUES (235,104,'SAN PEDRO DE HUACA',1);
INSERT INTO `catalogo` (`id`,`catalogo_padre_id`, `nombre`,`estado`) VALUES (236,105,'LATACUNGA',1);
INSERT INTO `catalogo` (`id`,`catalogo_padre_id`, `nombre`,`estado`) VALUES (237,105,'LA MANÁ',1);
INSERT INTO `catalogo` (`id`,`catalogo_padre_id`, `nombre`,`estado`) VALUES (238,105,'PANGUA',1);
INSERT INTO `catalogo` (`id`,`catalogo_padre_id`, `nombre`,`estado`) VALUES (239,105,'PUJILI',1);
INSERT INTO `catalogo` (`id`,`catalogo_padre_id`, `nombre`,`estado`) VALUES (240,105,'SALCEDO',1);
INSERT INTO `catalogo` (`id`,`catalogo_padre_id`, `nombre`,`estado`) VALUES (241,105,'SAQUISILÍ',1);
INSERT INTO `catalogo` (`id`,`catalogo_padre_id`, `nombre`,`estado`) VALUES (242,105,'SIGCHOS',1);
INSERT INTO `catalogo` (`id`,`catalogo_padre_id`, `nombre`,`estado`) VALUES (243,106,'RIOBAMBA',1);
INSERT INTO `catalogo` (`id`,`catalogo_padre_id`, `nombre`,`estado`) VALUES (244,106,'ALAUSI',1);
INSERT INTO `catalogo` (`id`,`catalogo_padre_id`, `nombre`,`estado`) VALUES (245,106,'COLTA',1);
INSERT INTO `catalogo` (`id`,`catalogo_padre_id`, `nombre`,`estado`) VALUES (246,106,'CHAMBO',1);
INSERT INTO `catalogo` (`id`,`catalogo_padre_id`, `nombre`,`estado`) VALUES (247,106,'CHUNCHI',1);
INSERT INTO `catalogo` (`id`,`catalogo_padre_id`, `nombre`,`estado`) VALUES (248,106,'GUAMOTE',1);
INSERT INTO `catalogo` (`id`,`catalogo_padre_id`, `nombre`,`estado`) VALUES (249,106,'GUANO',1);
INSERT INTO `catalogo` (`id`,`catalogo_padre_id`, `nombre`,`estado`) VALUES (250,106,'PALLATANGA',1);
INSERT INTO `catalogo` (`id`,`catalogo_padre_id`, `nombre`,`estado`) VALUES (251,106,'PENIPE',1);
INSERT INTO `catalogo` (`id`,`catalogo_padre_id`, `nombre`,`estado`) VALUES (252,106,'CUMANDÁ',1);
INSERT INTO `catalogo` (`id`,`catalogo_padre_id`, `nombre`,`estado`) VALUES (253,107,'MACHALA',1);
INSERT INTO `catalogo` (`id`,`catalogo_padre_id`, `nombre`,`estado`) VALUES (254,107,'ARENILLAS',1);
INSERT INTO `catalogo` (`id`,`catalogo_padre_id`, `nombre`,`estado`) VALUES (255,107,'ATAHUALPA',1);
INSERT INTO `catalogo` (`id`,`catalogo_padre_id`, `nombre`,`estado`) VALUES (256,107,'BALSAS',1);
INSERT INTO `catalogo` (`id`,`catalogo_padre_id`, `nombre`,`estado`) VALUES (257,107,'CHILLA',1);
INSERT INTO `catalogo` (`id`,`catalogo_padre_id`, `nombre`,`estado`) VALUES (258,107,'EL GUABO',1);
INSERT INTO `catalogo` (`id`,`catalogo_padre_id`, `nombre`,`estado`) VALUES (259,107,'HUAQUILLAS',1);
INSERT INTO `catalogo` (`id`,`catalogo_padre_id`, `nombre`,`estado`) VALUES (260,107,'MARCABELÍ',1);
INSERT INTO `catalogo` (`id`,`catalogo_padre_id`, `nombre`,`estado`) VALUES (261,107,'PASAJE',1);
INSERT INTO `catalogo` (`id`,`catalogo_padre_id`, `nombre`,`estado`) VALUES (262,107,'PIÑAS',1);
INSERT INTO `catalogo` (`id`,`catalogo_padre_id`, `nombre`,`estado`) VALUES (263,107,'PORTOVELO',1);
INSERT INTO `catalogo` (`id`,`catalogo_padre_id`, `nombre`,`estado`) VALUES (264,107,'SANTA ROSA',1);
INSERT INTO `catalogo` (`id`,`catalogo_padre_id`, `nombre`,`estado`) VALUES (265,107,'ZARUMA',1);
INSERT INTO `catalogo` (`id`,`catalogo_padre_id`, `nombre`,`estado`) VALUES (266,107,'LAS LAJAS',1);
INSERT INTO `catalogo` (`id`,`catalogo_padre_id`, `nombre`,`estado`) VALUES (267,108,'ESMERALDAS',1);
INSERT INTO `catalogo` (`id`,`catalogo_padre_id`, `nombre`,`estado`) VALUES (268,108,'ELOY ALFARO',1);
INSERT INTO `catalogo` (`id`,`catalogo_padre_id`, `nombre`,`estado`) VALUES (269,108,'MUISNE',1);
INSERT INTO `catalogo` (`id`,`catalogo_padre_id`, `nombre`,`estado`) VALUES (270,108,'QUININDÉ',1);
INSERT INTO `catalogo` (`id`,`catalogo_padre_id`, `nombre`,`estado`) VALUES (271,108,'SAN LORENZO',1);
INSERT INTO `catalogo` (`id`,`catalogo_padre_id`, `nombre`,`estado`) VALUES (272,108,'ATACAMES',1);
INSERT INTO `catalogo` (`id`,`catalogo_padre_id`, `nombre`,`estado`) VALUES (273,108,'RIOVERDE',1);
INSERT INTO `catalogo` (`id`,`catalogo_padre_id`, `nombre`,`estado`) VALUES (274,108,'LA CONCORDIA',1);
INSERT INTO `catalogo` (`id`,`catalogo_padre_id`, `nombre`,`estado`) VALUES (275,109,'GUAYAQUIL',1);
INSERT INTO `catalogo` (`id`,`catalogo_padre_id`, `nombre`,`estado`) VALUES (276,109,'ALFREDO BAQUERIZO MORENO (JUJÁN)',1);
INSERT INTO `catalogo` (`id`,`catalogo_padre_id`, `nombre`,`estado`) VALUES (277,109,'BALAO',1);
INSERT INTO `catalogo` (`id`,`catalogo_padre_id`, `nombre`,`estado`) VALUES (278,109,'BALZAR',1);
INSERT INTO `catalogo` (`id`,`catalogo_padre_id`, `nombre`,`estado`) VALUES (279,109,'COLIMES',1);
INSERT INTO `catalogo` (`id`,`catalogo_padre_id`, `nombre`,`estado`) VALUES (280,109,'DAULE',1);
INSERT INTO `catalogo` (`id`,`catalogo_padre_id`, `nombre`,`estado`) VALUES (281,109,'DURÁN',1);
INSERT INTO `catalogo` (`id`,`catalogo_padre_id`, `nombre`,`estado`) VALUES (282,109,'EL EMPALME',1);
INSERT INTO `catalogo` (`id`,`catalogo_padre_id`, `nombre`,`estado`) VALUES (283,109,'EL TRIUNFO',1);
INSERT INTO `catalogo` (`id`,`catalogo_padre_id`, `nombre`,`estado`) VALUES (284,109,'MILAGRO',1);
INSERT INTO `catalogo` (`id`,`catalogo_padre_id`, `nombre`,`estado`) VALUES (285,109,'NARANJAL',1);
INSERT INTO `catalogo` (`id`,`catalogo_padre_id`, `nombre`,`estado`) VALUES (286,109,'NARANJITO',1);
INSERT INTO `catalogo` (`id`,`catalogo_padre_id`, `nombre`,`estado`) VALUES (287,109,'PALESTINA',1);
INSERT INTO `catalogo` (`id`,`catalogo_padre_id`, `nombre`,`estado`) VALUES (288,109,'PEDRO CARBO',1);
INSERT INTO `catalogo` (`id`,`catalogo_padre_id`, `nombre`,`estado`) VALUES (289,109,'SAMBORONDÓN',1);
INSERT INTO `catalogo` (`id`,`catalogo_padre_id`, `nombre`,`estado`) VALUES (290,109,'SANTA LUCÍA',1);
INSERT INTO `catalogo` (`id`,`catalogo_padre_id`, `nombre`,`estado`) VALUES (291,109,'SALITRE (URBINA JADO)',1);
INSERT INTO `catalogo` (`id`,`catalogo_padre_id`, `nombre`,`estado`) VALUES (292,109,'SAN JACINTO DE YAGUACHI',1);
INSERT INTO `catalogo` (`id`,`catalogo_padre_id`, `nombre`,`estado`) VALUES (293,109,'PLAYAS',1);
INSERT INTO `catalogo` (`id`,`catalogo_padre_id`, `nombre`,`estado`) VALUES (294,109,'SIMÓN BOLÍVAR',1);
INSERT INTO `catalogo` (`id`,`catalogo_padre_id`, `nombre`,`estado`) VALUES (295,109,'CORONEL MARCELINO MARIDUEÑA',1);
INSERT INTO `catalogo` (`id`,`catalogo_padre_id`, `nombre`,`estado`) VALUES (296,109,'LOMAS DE SARGENTILLO',1);
INSERT INTO `catalogo` (`id`,`catalogo_padre_id`, `nombre`,`estado`) VALUES (297,109,'NOBOL',1);
INSERT INTO `catalogo` (`id`,`catalogo_padre_id`, `nombre`,`estado`) VALUES (298,109,'GENERAL ANTONIO ELIZALDE',1);
INSERT INTO `catalogo` (`id`,`catalogo_padre_id`, `nombre`,`estado`) VALUES (299,109,'ISIDRO AYORA',1);
INSERT INTO `catalogo` (`id`,`catalogo_padre_id`, `nombre`,`estado`) VALUES (300,110,'IBARRA',1);
INSERT INTO `catalogo` (`id`,`catalogo_padre_id`, `nombre`,`estado`) VALUES (301,110,'ANTONIO ANTE',1);
INSERT INTO `catalogo` (`id`,`catalogo_padre_id`, `nombre`,`estado`) VALUES (302,110,'COTACACHI',1);
INSERT INTO `catalogo` (`id`,`catalogo_padre_id`, `nombre`,`estado`) VALUES (303,110,'OTAVALO',1);
INSERT INTO `catalogo` (`id`,`catalogo_padre_id`, `nombre`,`estado`) VALUES (304,110,'PIMAMPIRO',1);
INSERT INTO `catalogo` (`id`,`catalogo_padre_id`, `nombre`,`estado`) VALUES (305,110,'SAN MIGUEL DE URCUQUÍ',1);
INSERT INTO `catalogo` (`id`,`catalogo_padre_id`, `nombre`,`estado`) VALUES (306,111,'LOJA',1);
INSERT INTO `catalogo` (`id`,`catalogo_padre_id`, `nombre`,`estado`) VALUES (307,111,'CALVAS',1);
INSERT INTO `catalogo` (`id`,`catalogo_padre_id`, `nombre`,`estado`) VALUES (308,111,'CATAMAYO',1);
INSERT INTO `catalogo` (`id`,`catalogo_padre_id`, `nombre`,`estado`) VALUES (309,111,'CELICA',1);
INSERT INTO `catalogo` (`id`,`catalogo_padre_id`, `nombre`,`estado`) VALUES (310,111,'CHAGUARPAMBA',1);
INSERT INTO `catalogo` (`id`,`catalogo_padre_id`, `nombre`,`estado`) VALUES (311,111,'ESPÍNDOLA',1);
INSERT INTO `catalogo` (`id`,`catalogo_padre_id`, `nombre`,`estado`) VALUES (312,111,'GONZANAMÁ',1);
INSERT INTO `catalogo` (`id`,`catalogo_padre_id`, `nombre`,`estado`) VALUES (313,111,'MACARÁ',1);
INSERT INTO `catalogo` (`id`,`catalogo_padre_id`, `nombre`,`estado`) VALUES (314,111,'PALTAS',1);
INSERT INTO `catalogo` (`id`,`catalogo_padre_id`, `nombre`,`estado`) VALUES (315,111,'PUYANGO',1);
INSERT INTO `catalogo` (`id`,`catalogo_padre_id`, `nombre`,`estado`) VALUES (316,111,'SARAGURO',1);
INSERT INTO `catalogo` (`id`,`catalogo_padre_id`, `nombre`,`estado`) VALUES (317,111,'SOZORANGA',1);
INSERT INTO `catalogo` (`id`,`catalogo_padre_id`, `nombre`,`estado`) VALUES (318,111,'ZAPOTILLO',1);
INSERT INTO `catalogo` (`id`,`catalogo_padre_id`, `nombre`,`estado`) VALUES (319,111,'PINDAL',1);
INSERT INTO `catalogo` (`id`,`catalogo_padre_id`, `nombre`,`estado`) VALUES (320,111,'QUILANGA',1);
INSERT INTO `catalogo` (`id`,`catalogo_padre_id`, `nombre`,`estado`) VALUES (321,111,'OLMEDO',1);
INSERT INTO `catalogo` (`id`,`catalogo_padre_id`, `nombre`,`estado`) VALUES (322,112,'BABAHOYO',1);
INSERT INTO `catalogo` (`id`,`catalogo_padre_id`, `nombre`,`estado`) VALUES (323,112,'BABA',1);
INSERT INTO `catalogo` (`id`,`catalogo_padre_id`, `nombre`,`estado`) VALUES (324,112,'MONTALVO',1);
INSERT INTO `catalogo` (`id`,`catalogo_padre_id`, `nombre`,`estado`) VALUES (325,112,'PUEBLOVIEJO',1);
INSERT INTO `catalogo` (`id`,`catalogo_padre_id`, `nombre`,`estado`) VALUES (326,112,'QUEVEDO',1);
INSERT INTO `catalogo` (`id`,`catalogo_padre_id`, `nombre`,`estado`) VALUES (327,112,'URDANETA',1);
INSERT INTO `catalogo` (`id`,`catalogo_padre_id`, `nombre`,`estado`) VALUES (328,112,'VENTANAS',1);
INSERT INTO `catalogo` (`id`,`catalogo_padre_id`, `nombre`,`estado`) VALUES (329,112,'VÍNCES',1);
INSERT INTO `catalogo` (`id`,`catalogo_padre_id`, `nombre`,`estado`) VALUES (330,112,'PALENQUE',1);
INSERT INTO `catalogo` (`id`,`catalogo_padre_id`, `nombre`,`estado`) VALUES (331,112,'BUENA FÉ',1);
INSERT INTO `catalogo` (`id`,`catalogo_padre_id`, `nombre`,`estado`) VALUES (332,112,'VALENCIA',1);
INSERT INTO `catalogo` (`id`,`catalogo_padre_id`, `nombre`,`estado`) VALUES (333,112,'MOCACHE',1);
INSERT INTO `catalogo` (`id`,`catalogo_padre_id`, `nombre`,`estado`) VALUES (334,112,'QUINSALOMA',1);
INSERT INTO `catalogo` (`id`,`catalogo_padre_id`, `nombre`,`estado`) VALUES (335,113,'PORTOVIEJO',1);
INSERT INTO `catalogo` (`id`,`catalogo_padre_id`, `nombre`,`estado`) VALUES (336,113,'BOLÍVAR',1);
INSERT INTO `catalogo` (`id`,`catalogo_padre_id`, `nombre`,`estado`) VALUES (337,113,'CHONE',1);
INSERT INTO `catalogo` (`id`,`catalogo_padre_id`, `nombre`,`estado`) VALUES (338,113,'EL CARMEN',1);
INSERT INTO `catalogo` (`id`,`catalogo_padre_id`, `nombre`,`estado`) VALUES (339,113,'FLAVIO ALFARO',1);
INSERT INTO `catalogo` (`id`,`catalogo_padre_id`, `nombre`,`estado`) VALUES (340,113,'JIPIJAPA',1);
INSERT INTO `catalogo` (`id`,`catalogo_padre_id`, `nombre`,`estado`) VALUES (341,113,'JUNÍN',1);
INSERT INTO `catalogo` (`id`,`catalogo_padre_id`, `nombre`,`estado`) VALUES (342,113,'MANTA',1);
INSERT INTO `catalogo` (`id`,`catalogo_padre_id`, `nombre`,`estado`) VALUES (343,113,'MONTECRISTI',1);
INSERT INTO `catalogo` (`id`,`catalogo_padre_id`, `nombre`,`estado`) VALUES (344,113,'PAJÁN',1);
INSERT INTO `catalogo` (`id`,`catalogo_padre_id`, `nombre`,`estado`) VALUES (345,113,'PICHINCHA',1);
INSERT INTO `catalogo` (`id`,`catalogo_padre_id`, `nombre`,`estado`) VALUES (346,113,'ROCAFUERTE',1);
INSERT INTO `catalogo` (`id`,`catalogo_padre_id`, `nombre`,`estado`) VALUES (347,113,'SANTA ANA',1);
INSERT INTO `catalogo` (`id`,`catalogo_padre_id`, `nombre`,`estado`) VALUES (348,113,'SUCRE',1);
INSERT INTO `catalogo` (`id`,`catalogo_padre_id`, `nombre`,`estado`) VALUES (349,113,'TOSAGUA',1);
INSERT INTO `catalogo` (`id`,`catalogo_padre_id`, `nombre`,`estado`) VALUES (350,113,'24 DE MAYO',1);
INSERT INTO `catalogo` (`id`,`catalogo_padre_id`, `nombre`,`estado`) VALUES (351,113,'PEDERNALES',1);
INSERT INTO `catalogo` (`id`,`catalogo_padre_id`, `nombre`,`estado`) VALUES (352,113,'OLMEDO',1);
INSERT INTO `catalogo` (`id`,`catalogo_padre_id`, `nombre`,`estado`) VALUES (353,113,'PUERTO LÓPEZ',1);
INSERT INTO `catalogo` (`id`,`catalogo_padre_id`, `nombre`,`estado`) VALUES (354,113,'JAMA',1);
INSERT INTO `catalogo` (`id`,`catalogo_padre_id`, `nombre`,`estado`) VALUES (355,113,'JARAMIJÓ',1);
INSERT INTO `catalogo` (`id`,`catalogo_padre_id`, `nombre`,`estado`) VALUES (356,113,'SAN VICENTE',1);
INSERT INTO `catalogo` (`id`,`catalogo_padre_id`, `nombre`,`estado`) VALUES (357,114,'MORONA',1);
INSERT INTO `catalogo` (`id`,`catalogo_padre_id`, `nombre`,`estado`) VALUES (358,114,'GUALAQUIZA',1);
INSERT INTO `catalogo` (`id`,`catalogo_padre_id`, `nombre`,`estado`) VALUES (359,114,'LIMÓN INDANZA',1);
INSERT INTO `catalogo` (`id`,`catalogo_padre_id`, `nombre`,`estado`) VALUES (360,114,'PALORA',1);
INSERT INTO `catalogo` (`id`,`catalogo_padre_id`, `nombre`,`estado`) VALUES (361,114,'SANTIAGO',1);
INSERT INTO `catalogo` (`id`,`catalogo_padre_id`, `nombre`,`estado`) VALUES (362,114,'SUCÚA',1);
INSERT INTO `catalogo` (`id`,`catalogo_padre_id`, `nombre`,`estado`) VALUES (363,114,'HUAMBOYA',1);
INSERT INTO `catalogo` (`id`,`catalogo_padre_id`, `nombre`,`estado`) VALUES (364,114,'SAN JUAN BOSCO',1);
INSERT INTO `catalogo` (`id`,`catalogo_padre_id`, `nombre`,`estado`) VALUES (365,114,'TAISHA',1);
INSERT INTO `catalogo` (`id`,`catalogo_padre_id`, `nombre`,`estado`) VALUES (366,114,'LOGROÑO',1);
INSERT INTO `catalogo` (`id`,`catalogo_padre_id`, `nombre`,`estado`) VALUES (367,114,'PABLO SEXTO',1);
INSERT INTO `catalogo` (`id`,`catalogo_padre_id`, `nombre`,`estado`) VALUES (368,114,'TIWINTZA',1);
INSERT INTO `catalogo` (`id`,`catalogo_padre_id`, `nombre`,`estado`) VALUES (369,115,'TENA',1);
INSERT INTO `catalogo` (`id`,`catalogo_padre_id`, `nombre`,`estado`) VALUES (370,115,'ARCHIDONA',1);
INSERT INTO `catalogo` (`id`,`catalogo_padre_id`, `nombre`,`estado`) VALUES (371,115,'EL CHACO',1);
INSERT INTO `catalogo` (`id`,`catalogo_padre_id`, `nombre`,`estado`) VALUES (372,115,'QUIJOS',1);
INSERT INTO `catalogo` (`id`,`catalogo_padre_id`, `nombre`,`estado`) VALUES (373,115,'CARLOS JULIO AROSEMENA TOLA',1);
INSERT INTO `catalogo` (`id`,`catalogo_padre_id`, `nombre`,`estado`) VALUES (374,116,'PASTAZA',1);
INSERT INTO `catalogo` (`id`,`catalogo_padre_id`, `nombre`,`estado`) VALUES (375,116,'MERA',1);
INSERT INTO `catalogo` (`id`,`catalogo_padre_id`, `nombre`,`estado`) VALUES (376,116,'SANTA CLARA',1);
INSERT INTO `catalogo` (`id`,`catalogo_padre_id`, `nombre`,`estado`) VALUES (377,116,'ARAJUNO',1);
INSERT INTO `catalogo` (`id`,`catalogo_padre_id`, `nombre`,`estado`) VALUES (378,117,'QUITO',1);
INSERT INTO `catalogo` (`id`,`catalogo_padre_id`, `nombre`,`estado`) VALUES (379,117,'CAYAMBE',1);
INSERT INTO `catalogo` (`id`,`catalogo_padre_id`, `nombre`,`estado`) VALUES (380,117,'MEJIA',1);
INSERT INTO `catalogo` (`id`,`catalogo_padre_id`, `nombre`,`estado`) VALUES (381,117,'PEDRO MONCAYO',1);
INSERT INTO `catalogo` (`id`,`catalogo_padre_id`, `nombre`,`estado`) VALUES (382,117,'RUMIÑAHUI',1);
INSERT INTO `catalogo` (`id`,`catalogo_padre_id`, `nombre`,`estado`) VALUES (383,117,'SAN MIGUEL DE LOS BANCOS',1);
INSERT INTO `catalogo` (`id`,`catalogo_padre_id`, `nombre`,`estado`) VALUES (384,117,'PEDRO VICENTE MALDONADO',1);
INSERT INTO `catalogo` (`id`,`catalogo_padre_id`, `nombre`,`estado`) VALUES (385,117,'PUERTO QUITO',1);
INSERT INTO `catalogo` (`id`,`catalogo_padre_id`, `nombre`,`estado`) VALUES (386,118,'AMBATO',1);
INSERT INTO `catalogo` (`id`,`catalogo_padre_id`, `nombre`,`estado`) VALUES (387,118,'BAÑOS DE AGUA SANTA',1);
INSERT INTO `catalogo` (`id`,`catalogo_padre_id`, `nombre`,`estado`) VALUES (388,118,'CEVALLOS',1);
INSERT INTO `catalogo` (`id`,`catalogo_padre_id`, `nombre`,`estado`) VALUES (389,118,'MOCHA',1);
INSERT INTO `catalogo` (`id`,`catalogo_padre_id`, `nombre`,`estado`) VALUES (390,118,'PATATE',1);
INSERT INTO `catalogo` (`id`,`catalogo_padre_id`, `nombre`,`estado`) VALUES (391,118,'QUERO',1);
INSERT INTO `catalogo` (`id`,`catalogo_padre_id`, `nombre`,`estado`) VALUES (392,118,'SAN PEDRO DE PELILEO',1);
INSERT INTO `catalogo` (`id`,`catalogo_padre_id`, `nombre`,`estado`) VALUES (393,118,'SANTIAGO DE PÍLLARO',1);
INSERT INTO `catalogo` (`id`,`catalogo_padre_id`, `nombre`,`estado`) VALUES (394,118,'TISALEO',1);
INSERT INTO `catalogo` (`id`,`catalogo_padre_id`, `nombre`,`estado`) VALUES (395,119,'ZAMORA',1);
INSERT INTO `catalogo` (`id`,`catalogo_padre_id`, `nombre`,`estado`) VALUES (396,119,'CHINCHIPE',1);
INSERT INTO `catalogo` (`id`,`catalogo_padre_id`, `nombre`,`estado`) VALUES (397,119,'NANGARITZA',1);
INSERT INTO `catalogo` (`id`,`catalogo_padre_id`, `nombre`,`estado`) VALUES (398,119,'YACUAMBI',1);
INSERT INTO `catalogo` (`id`,`catalogo_padre_id`, `nombre`,`estado`) VALUES (399,119,'YANTZAZA (YANZATZA)',1);
INSERT INTO `catalogo` (`id`,`catalogo_padre_id`, `nombre`,`estado`) VALUES (400,119,'EL PANGUI',1);
INSERT INTO `catalogo` (`id`,`catalogo_padre_id`, `nombre`,`estado`) VALUES (401,119,'CENTINELA DEL CÓNDOR',1);
INSERT INTO `catalogo` (`id`,`catalogo_padre_id`, `nombre`,`estado`) VALUES (402,119,'PALANDA',1);
INSERT INTO `catalogo` (`id`,`catalogo_padre_id`, `nombre`,`estado`) VALUES (403,119,'PAQUISHA',1);
INSERT INTO `catalogo` (`id`,`catalogo_padre_id`, `nombre`,`estado`) VALUES (404,120,'SAN CRISTÓBAL',1);
INSERT INTO `catalogo` (`id`,`catalogo_padre_id`, `nombre`,`estado`) VALUES (405,120,'ISABELA',1);
INSERT INTO `catalogo` (`id`,`catalogo_padre_id`, `nombre`,`estado`) VALUES (406,120,'SANTA CRUZ',1);
INSERT INTO `catalogo` (`id`,`catalogo_padre_id`, `nombre`,`estado`) VALUES (407,121,'LAGO AGRIO',1);
INSERT INTO `catalogo` (`id`,`catalogo_padre_id`, `nombre`,`estado`) VALUES (408,121,'GONZALO PIZARRO',1);
INSERT INTO `catalogo` (`id`,`catalogo_padre_id`, `nombre`,`estado`) VALUES (409,121,'PUTUMAYO',1);
INSERT INTO `catalogo` (`id`,`catalogo_padre_id`, `nombre`,`estado`) VALUES (410,121,'SHUSHUFINDI',1);
INSERT INTO `catalogo` (`id`,`catalogo_padre_id`, `nombre`,`estado`) VALUES (411,121,'SUCUMBÍOS',1);
INSERT INTO `catalogo` (`id`,`catalogo_padre_id`, `nombre`,`estado`) VALUES (412,121,'CASCALES',1);
INSERT INTO `catalogo` (`id`,`catalogo_padre_id`, `nombre`,`estado`) VALUES (413,121,'CUYABENO',1);
INSERT INTO `catalogo` (`id`,`catalogo_padre_id`, `nombre`,`estado`) VALUES (414,122,'ORELLANA',1);
INSERT INTO `catalogo` (`id`,`catalogo_padre_id`, `nombre`,`estado`) VALUES (415,122,'AGUARICO',1);
INSERT INTO `catalogo` (`id`,`catalogo_padre_id`, `nombre`,`estado`) VALUES (416,122,'LA JOYA DE LOS SACHAS',1);
INSERT INTO `catalogo` (`id`,`catalogo_padre_id`, `nombre`,`estado`) VALUES (417,122,'LORETO',1);
INSERT INTO `catalogo` (`id`,`catalogo_padre_id`, `nombre`,`estado`) VALUES (418,123,'SANTO DOMINGO',1);
INSERT INTO `catalogo` (`id`,`catalogo_padre_id`, `nombre`,`estado`) VALUES (419,124,'SANTA ELENA',1);
INSERT INTO `catalogo` (`id`,`catalogo_padre_id`, `nombre`,`estado`) VALUES (420,124,'LA LIBERTAD',1);
INSERT INTO `catalogo` (`id`,`catalogo_padre_id`, `nombre`,`estado`) VALUES (421,124,'SALINAS',1);
INSERT INTO `catalogo` (`id`,`catalogo_padre_id`, `nombre`,`estado`) VALUES (422,125,'LAS GOLONDRINAS',1);
INSERT INTO `catalogo` (`id`,`catalogo_padre_id`, `nombre`,`estado`) VALUES (423,125,'MANGA DEL CURA',1);
INSERT INTO `catalogo` (`id`,`catalogo_padre_id`, `nombre`,`estado`) VALUES (424,125,'EL PIEDRERO',1);
-- CIUDADES
INSERT INTO `catalogo` (`id`,`catalogo_padre_id`, `nombre`,`estado`) VALUES (501,378,'BELISARIO QUEVEDO',1);
INSERT INTO `catalogo` (`id`,`catalogo_padre_id`, `nombre`,`estado`) VALUES (502,378,'CARCELÉN',1);
INSERT INTO `catalogo` (`id`,`catalogo_padre_id`, `nombre`,`estado`) VALUES (503,378,'CENTRO HISTÓRICO',1);
INSERT INTO `catalogo` (`id`,`catalogo_padre_id`, `nombre`,`estado`) VALUES (504,378,'COCHAPAMBA',1);
INSERT INTO `catalogo` (`id`,`catalogo_padre_id`, `nombre`,`estado`) VALUES (505,378,'COMITÉ DEL PUEBLO',1);
INSERT INTO `catalogo` (`id`,`catalogo_padre_id`, `nombre`,`estado`) VALUES (506,378,'COTOCOLLAO',1);
INSERT INTO `catalogo` (`id`,`catalogo_padre_id`, `nombre`,`estado`) VALUES (507,378,'CHILIBULO',1);
INSERT INTO `catalogo` (`id`,`catalogo_padre_id`, `nombre`,`estado`) VALUES (508,378,'CHILLOGALLO',1);
INSERT INTO `catalogo` (`id`,`catalogo_padre_id`, `nombre`,`estado`) VALUES (509,378,'CHIMBACALLE',1);
INSERT INTO `catalogo` (`id`,`catalogo_padre_id`, `nombre`,`estado`) VALUES (510,378,'EL CONDADO',1);
INSERT INTO `catalogo` (`id`,`catalogo_padre_id`, `nombre`,`estado`) VALUES (511,378,'GUAMANÍ',1);
INSERT INTO `catalogo` (`id`,`catalogo_padre_id`, `nombre`,`estado`) VALUES (512,378,'IÑAQUITO',1);
INSERT INTO `catalogo` (`id`,`catalogo_padre_id`, `nombre`,`estado`) VALUES (513,378,'ITCHIMBÍA',1);
INSERT INTO `catalogo` (`id`,`catalogo_padre_id`, `nombre`,`estado`) VALUES (514,378,'JIPIJAPA',1);
INSERT INTO `catalogo` (`id`,`catalogo_padre_id`, `nombre`,`estado`) VALUES (515,378,'KENNEDY',1);
INSERT INTO `catalogo` (`id`,`catalogo_padre_id`, `nombre`,`estado`) VALUES (516,378,'LA ARGELIA',1);
INSERT INTO `catalogo` (`id`,`catalogo_padre_id`, `nombre`,`estado`) VALUES (517,378,'LA CONCEPCIÓN',1);
INSERT INTO `catalogo` (`id`,`catalogo_padre_id`, `nombre`,`estado`) VALUES (518,378,'LA ECUATORIANA',1);
INSERT INTO `catalogo` (`id`,`catalogo_padre_id`, `nombre`,`estado`) VALUES (519,378,'LA FERROVIARIA',1);
INSERT INTO `catalogo` (`id`,`catalogo_padre_id`, `nombre`,`estado`) VALUES (520,378,'LA LIBERTAD',1);
INSERT INTO `catalogo` (`id`,`catalogo_padre_id`, `nombre`,`estado`) VALUES (521,378,'LA MAGDALENA',1);
INSERT INTO `catalogo` (`id`,`catalogo_padre_id`, `nombre`,`estado`) VALUES (522,378,'LA MENA',1);
INSERT INTO `catalogo` (`id`,`catalogo_padre_id`, `nombre`,`estado`) VALUES (523,378,'MARISCAL SUCRE',1);
INSERT INTO `catalogo` (`id`,`catalogo_padre_id`, `nombre`,`estado`) VALUES (524,378,'PONCEANO',1);
INSERT INTO `catalogo` (`id`,`catalogo_padre_id`, `nombre`,`estado`) VALUES (525,378,'PUENGASÍ',1);
INSERT INTO `catalogo` (`id`,`catalogo_padre_id`, `nombre`,`estado`) VALUES (526,378,'QUITUMBE',1);
INSERT INTO `catalogo` (`id`,`catalogo_padre_id`, `nombre`,`estado`) VALUES (527,378,'RUMIPAMBA',1);
INSERT INTO `catalogo` (`id`,`catalogo_padre_id`, `nombre`,`estado`) VALUES (528,378,'SAN BARTOLO',1);
INSERT INTO `catalogo` (`id`,`catalogo_padre_id`, `nombre`,`estado`) VALUES (529,378,'SAN ISIDRO DEL INCA',1);
INSERT INTO `catalogo` (`id`,`catalogo_padre_id`, `nombre`,`estado`) VALUES (530,378,'SAN JUAN',1);
INSERT INTO `catalogo` (`id`,`catalogo_padre_id`, `nombre`,`estado`) VALUES (531,378,'SOLANDA',1);
INSERT INTO `catalogo` (`id`,`catalogo_padre_id`, `nombre`,`estado`) VALUES (532,378,'TURUBAMBA',1);
INSERT INTO `catalogo` (`id`,`catalogo_padre_id`, `nombre`,`estado`) VALUES (533,378,'QUITO DISTRITO METROPOLITANO',1);
INSERT INTO `catalogo` (`id`,`catalogo_padre_id`, `nombre`,`estado`) VALUES (534,378,'ALANGASÍ',1);
INSERT INTO `catalogo` (`id`,`catalogo_padre_id`, `nombre`,`estado`) VALUES (535,378,'AMAGUAÑA',1);
INSERT INTO `catalogo` (`id`,`catalogo_padre_id`, `nombre`,`estado`) VALUES (536,378,'ATAHUALPA',1);
INSERT INTO `catalogo` (`id`,`catalogo_padre_id`, `nombre`,`estado`) VALUES (537,378,'CALACALÍ',1);
INSERT INTO `catalogo` (`id`,`catalogo_padre_id`, `nombre`,`estado`) VALUES (538,378,'CALDERÓN',1);
INSERT INTO `catalogo` (`id`,`catalogo_padre_id`, `nombre`,`estado`) VALUES (539,378,'CONOCOTO',1);
INSERT INTO `catalogo` (`id`,`catalogo_padre_id`, `nombre`,`estado`) VALUES (540,378,'CUMBAYÁ',1);
INSERT INTO `catalogo` (`id`,`catalogo_padre_id`, `nombre`,`estado`) VALUES (541,378,'CHAVEZPAMBA',1);
INSERT INTO `catalogo` (`id`,`catalogo_padre_id`, `nombre`,`estado`) VALUES (542,378,'CHECA',1);
INSERT INTO `catalogo` (`id`,`catalogo_padre_id`, `nombre`,`estado`) VALUES (543,378,'EL QUINCHE',1);
INSERT INTO `catalogo` (`id`,`catalogo_padre_id`, `nombre`,`estado`) VALUES (544,378,'GUALEA',1);
INSERT INTO `catalogo` (`id`,`catalogo_padre_id`, `nombre`,`estado`) VALUES (545,378,'GUANGOPOLO',1);
INSERT INTO `catalogo` (`id`,`catalogo_padre_id`, `nombre`,`estado`) VALUES (546,378,'GUAYLLABAMBA',1);
INSERT INTO `catalogo` (`id`,`catalogo_padre_id`, `nombre`,`estado`) VALUES (547,378,'LA MERCED',1);
INSERT INTO `catalogo` (`id`,`catalogo_padre_id`, `nombre`,`estado`) VALUES (548,378,'LLANO CHICO',1);
INSERT INTO `catalogo` (`id`,`catalogo_padre_id`, `nombre`,`estado`) VALUES (549,378,'LLOA',1);
INSERT INTO `catalogo` (`id`,`catalogo_padre_id`, `nombre`,`estado`) VALUES (550,378,'MINDO',1);
INSERT INTO `catalogo` (`id`,`catalogo_padre_id`, `nombre`,`estado`) VALUES (551,378,'NANEGAL',1);
INSERT INTO `catalogo` (`id`,`catalogo_padre_id`, `nombre`,`estado`) VALUES (552,378,'NANEGALITO',1);
INSERT INTO `catalogo` (`id`,`catalogo_padre_id`, `nombre`,`estado`) VALUES (553,378,'NAYÓN',1);
INSERT INTO `catalogo` (`id`,`catalogo_padre_id`, `nombre`,`estado`) VALUES (554,378,'NONO',1);
INSERT INTO `catalogo` (`id`,`catalogo_padre_id`, `nombre`,`estado`) VALUES (555,378,'PACTO',1);
INSERT INTO `catalogo` (`id`,`catalogo_padre_id`, `nombre`,`estado`) VALUES (556,378,'PEDRO VICENTE MALDONADO',1);
INSERT INTO `catalogo` (`id`,`catalogo_padre_id`, `nombre`,`estado`) VALUES (557,378,'PERUCHO',1);
INSERT INTO `catalogo` (`id`,`catalogo_padre_id`, `nombre`,`estado`) VALUES (558,378,'PIFO',1);
INSERT INTO `catalogo` (`id`,`catalogo_padre_id`, `nombre`,`estado`) VALUES (559,378,'PÍNTAG',1);
INSERT INTO `catalogo` (`id`,`catalogo_padre_id`, `nombre`,`estado`) VALUES (560,378,'POMASQUI',1);
INSERT INTO `catalogo` (`id`,`catalogo_padre_id`, `nombre`,`estado`) VALUES (561,378,'PUÉLLARO',1);
INSERT INTO `catalogo` (`id`,`catalogo_padre_id`, `nombre`,`estado`) VALUES (562,378,'PUEMBO',1);
INSERT INTO `catalogo` (`id`,`catalogo_padre_id`, `nombre`,`estado`) VALUES (563,378,'SAN ANTONIO',1);
INSERT INTO `catalogo` (`id`,`catalogo_padre_id`, `nombre`,`estado`) VALUES (564,378,'SAN JOSÉ DE MINAS',1);
INSERT INTO `catalogo` (`id`,`catalogo_padre_id`, `nombre`,`estado`) VALUES (565,378,'SAN MIGUEL DE LOS BANCOS',1);
INSERT INTO `catalogo` (`id`,`catalogo_padre_id`, `nombre`,`estado`) VALUES (566,378,'TABABELA',1);
INSERT INTO `catalogo` (`id`,`catalogo_padre_id`, `nombre`,`estado`) VALUES (567,378,'TUMBACO',1);
INSERT INTO `catalogo` (`id`,`catalogo_padre_id`, `nombre`,`estado`) VALUES (568,378,'YARUQUÍ',1);
INSERT INTO `catalogo` (`id`,`catalogo_padre_id`, `nombre`,`estado`) VALUES (569,378,'ZAMBIZA',1);
INSERT INTO `catalogo` (`id`,`catalogo_padre_id`, `nombre`,`estado`) VALUES (570,378,'PUERTO QUITO',1);
INSERT INTO `catalogo` (`id`,`catalogo_padre_id`, `nombre`,`estado`) VALUES (571,379,'AYORA',1);
INSERT INTO `catalogo` (`id`,`catalogo_padre_id`, `nombre`,`estado`) VALUES (572,379,'CAYAMBE',1);
INSERT INTO `catalogo` (`id`,`catalogo_padre_id`, `nombre`,`estado`) VALUES (573,379,'JUAN MONTALVO',1);
INSERT INTO `catalogo` (`id`,`catalogo_padre_id`, `nombre`,`estado`) VALUES (574,379,'CAYAMBE',1);
INSERT INTO `catalogo` (`id`,`catalogo_padre_id`, `nombre`,`estado`) VALUES (575,379,'ASCÁZUBI',1);
INSERT INTO `catalogo` (`id`,`catalogo_padre_id`, `nombre`,`estado`) VALUES (576,379,'CANGAHUA',1);
INSERT INTO `catalogo` (`id`,`catalogo_padre_id`, `nombre`,`estado`) VALUES (577,379,'OLMEDO (PESILLO)',1);
INSERT INTO `catalogo` (`id`,`catalogo_padre_id`, `nombre`,`estado`) VALUES (578,379,'OTÓN',1);
INSERT INTO `catalogo` (`id`,`catalogo_padre_id`, `nombre`,`estado`) VALUES (579,379,'SANTA ROSA DE CUZUBAMBA',1);
INSERT INTO `catalogo` (`id`,`catalogo_padre_id`, `nombre`,`estado`) VALUES (580,380,'MACHACHI',1);
INSERT INTO `catalogo` (`id`,`catalogo_padre_id`, `nombre`,`estado`) VALUES (581,380,'ALÓAG',1);
INSERT INTO `catalogo` (`id`,`catalogo_padre_id`, `nombre`,`estado`) VALUES (582,380,'ALOASÍ',1);
INSERT INTO `catalogo` (`id`,`catalogo_padre_id`, `nombre`,`estado`) VALUES (583,380,'CUTUGLAHUA',1);
INSERT INTO `catalogo` (`id`,`catalogo_padre_id`, `nombre`,`estado`) VALUES (584,380,'EL CHAUPI',1);
INSERT INTO `catalogo` (`id`,`catalogo_padre_id`, `nombre`,`estado`) VALUES (585,380,'MANUEL CORNEJO ASTORGA (TANDAPI)',1);
INSERT INTO `catalogo` (`id`,`catalogo_padre_id`, `nombre`,`estado`) VALUES (586,380,'TAMBILLO',1);
INSERT INTO `catalogo` (`id`,`catalogo_padre_id`, `nombre`,`estado`) VALUES (587,380,'UYUMBICHO',1);
INSERT INTO `catalogo` (`id`,`catalogo_padre_id`, `nombre`,`estado`) VALUES (588,381,'TABACUNDO',1);
INSERT INTO `catalogo` (`id`,`catalogo_padre_id`, `nombre`,`estado`) VALUES (589,381,'LA ESPERANZA',1);
INSERT INTO `catalogo` (`id`,`catalogo_padre_id`, `nombre`,`estado`) VALUES (590,381,'MALCHINGUÍ',1);
INSERT INTO `catalogo` (`id`,`catalogo_padre_id`, `nombre`,`estado`) VALUES (591,381,'TOCACHI',1);
INSERT INTO `catalogo` (`id`,`catalogo_padre_id`, `nombre`,`estado`) VALUES (592,381,'TUPIGACHI',1);
INSERT INTO `catalogo` (`id`,`catalogo_padre_id`, `nombre`,`estado`) VALUES (593,382,'SANGOLQUÍ',1);
INSERT INTO `catalogo` (`id`,`catalogo_padre_id`, `nombre`,`estado`) VALUES (594,382,'SAN PEDRO DE TABOADA',1);
INSERT INTO `catalogo` (`id`,`catalogo_padre_id`, `nombre`,`estado`) VALUES (595,382,'SAN RAFAEL',1);
INSERT INTO `catalogo` (`id`,`catalogo_padre_id`, `nombre`,`estado`) VALUES (596,382,'SANGOLQUI',1);
INSERT INTO `catalogo` (`id`,`catalogo_padre_id`, `nombre`,`estado`) VALUES (597,382,'COTOGCHOA',1);
INSERT INTO `catalogo` (`id`,`catalogo_padre_id`, `nombre`,`estado`) VALUES (598,382,'RUMIPAMBA',1);
INSERT INTO `catalogo` (`id`,`catalogo_padre_id`, `nombre`,`estado`) VALUES (599,383,'SAN MIGUEL DE LOS BANCOS',1);
INSERT INTO `catalogo` (`id`,`catalogo_padre_id`, `nombre`,`estado`) VALUES (600,383,'MINDO',1);
INSERT INTO `catalogo` (`id`,`catalogo_padre_id`, `nombre`,`estado`) VALUES (601,383,'PEDRO VICENTE MALDONADO',1);
INSERT INTO `catalogo` (`id`,`catalogo_padre_id`, `nombre`,`estado`) VALUES (602,383,'PUERTO QUITO',1);
INSERT INTO `catalogo` (`id`,`catalogo_padre_id`, `nombre`,`estado`) VALUES (603,384,'PEDRO VICENTE MALDONADO',1);
INSERT INTO `catalogo` (`id`,`catalogo_padre_id`, `nombre`,`estado`) VALUES (604,385,'PUERTO QUITO',1);

INSERT INTO `catalogo` (`id`,`catalogo_padre_id`, `nombre`,`estado`) VALUES (3000,null,'NACIONALIDADES',1);
INSERT INTO `catalogo` (`id`,`catalogo_padre_id`, `nombre`,`estado`) VALUES (3001,3000,'ARGENTINA',1);
INSERT INTO `catalogo` (`id`,`catalogo_padre_id`, `nombre`,`estado`) VALUES (3002,3000,'BOLIVIA',1);
INSERT INTO `catalogo` (`id`,`catalogo_padre_id`, `nombre`,`estado`) VALUES (3003,3000,'BRASIL',1);
INSERT INTO `catalogo` (`id`,`catalogo_padre_id`, `nombre`,`estado`) VALUES (3004,3000,'COLOMBIA',1);
INSERT INTO `catalogo` (`id`,`catalogo_padre_id`, `nombre`,`estado`) VALUES (3005,3000,'CHILE',1);
INSERT INTO `catalogo` (`id`,`catalogo_padre_id`, `nombre`,`estado`) VALUES (3006,3000,'ECUATORIANA',1);
INSERT INTO `catalogo` (`id`,`catalogo_padre_id`, `nombre`,`estado`) VALUES (3007,3000,'GUYANA',1);
INSERT INTO `catalogo` (`id`,`catalogo_padre_id`, `nombre`,`estado`) VALUES (3008,3000,'PARAGUAY',1);
INSERT INTO `catalogo` (`id`,`catalogo_padre_id`, `nombre`,`estado`) VALUES (3009,3000,'PERU',1);
INSERT INTO `catalogo` (`id`,`catalogo_padre_id`, `nombre`,`estado`) VALUES (3010,3000,'SURINAM',1);
INSERT INTO `catalogo` (`id`,`catalogo_padre_id`, `nombre`,`estado`) VALUES (3011,3000,'URUGUAY',1);
INSERT INTO `catalogo` (`id`,`catalogo_padre_id`, `nombre`,`estado`) VALUES (3012,3000,'VENEZUELA',1);
INSERT INTO `catalogo` (`id`,`catalogo_padre_id`, `nombre`,`estado`) VALUES (3013,3000,'GUAYANA FRANCESA',1);
INSERT INTO `catalogo` (`id`,`catalogo_padre_id`, `nombre`,`estado`) VALUES (3014,3000,'ISLAS MALVINAS',1);

INSERT INTO `catalogo` (`id`,`catalogo_padre_id`, `nombre`,`estado`) VALUES (4000,null,'ESPECIALIDADES',1);
INSERT INTO `catalogo` (`id`,`catalogo_padre_id`, `nombre`,`estado`) VALUES (4001,4000,'CIRUGIA',1);
INSERT INTO `catalogo` (`id`,`catalogo_padre_id`, `nombre`,`estado`) VALUES (4002,4000,'CIRUGIA/PERIODONCIA',1);
INSERT INTO `catalogo` (`id`,`catalogo_padre_id`, `nombre`,`estado`) VALUES (4003,4000,'CIRUGIA/REHABILITACION ORAL',1);
INSERT INTO `catalogo` (`id`,`catalogo_padre_id`, `nombre`,`estado`) VALUES (4004,4000,'DIAGNOSTICOS',1);
INSERT INTO `catalogo` (`id`,`catalogo_padre_id`, `nombre`,`estado`) VALUES (4005,4000,'ENDODONCIA',1);
INSERT INTO `catalogo` (`id`,`catalogo_padre_id`, `nombre`,`estado`) VALUES (4006,4000,'IMPLANTOLOGIA',1);
INSERT INTO `catalogo` (`id`,`catalogo_padre_id`, `nombre`,`estado`) VALUES (4007,4000,'IMPLANTOLOGIA/REHABILITACION ORAL',1);
INSERT INTO `catalogo` (`id`,`catalogo_padre_id`, `nombre`,`estado`) VALUES (4008,4000,'ODONTOLOGIA INTEGRAL',1);
INSERT INTO `catalogo` (`id`,`catalogo_padre_id`, `nombre`,`estado`) VALUES (4009,4000,'ORTODONCIA',1);
INSERT INTO `catalogo` (`id`,`catalogo_padre_id`, `nombre`,`estado`) VALUES (4010,4000,'PERIODONCIA',1);
INSERT INTO `catalogo` (`id`,`catalogo_padre_id`, `nombre`,`estado`) VALUES (4011,4000,'PREVENCION',1);
INSERT INTO `catalogo` (`id`,`catalogo_padre_id`, `nombre`,`estado`) VALUES (4012,4000,'REHABILITACION ',1);
INSERT INTO `catalogo` (`id`,`catalogo_padre_id`, `nombre`,`estado`) VALUES (4013,4000,'REHABILITACION ORAL',1);
INSERT INTO `catalogo` (`id`,`catalogo_padre_id`, `nombre`,`estado`) VALUES (4014,4000,'REHABILITACION ORAL/ORTODONCIA',1);
INSERT INTO `catalogo` (`id`,`catalogo_padre_id`, `nombre`,`estado`) VALUES (4015,4000,'ODONTOPEDIATRIA',1);
INSERT INTO `catalogo` (`id`,`catalogo_padre_id`, `nombre`,`estado`) VALUES (4016,4000,'ODONTOLOGIA GENERAL',1);

INSERT INTO `catalogo_tratamiento` (`id`,`especialidad_id`, `nombre`,`codigo`,`estado`, `tiene_precio`) VALUES (50000,4015,'SELLANTE NECESARIO',null,1,1);
INSERT INTO `catalogo_tratamiento` (`id`,`especialidad_id`, `nombre`,`codigo`,`estado`, `tiene_precio`) VALUES (50001,4015,'SELLANTE REALIZADO',null,1,0);
INSERT INTO `catalogo_tratamiento` (`id`,`especialidad_id`, `nombre`,`codigo`,`estado`, `tiene_precio`) VALUES (50002,4015,'EXTRACCIÓN INDICADA',null,1,1);
INSERT INTO `catalogo_tratamiento` (`id`,`especialidad_id`, `nombre`,`codigo`,`estado`, `tiene_precio`) VALUES (50003,4005,'ENDODONCIA',null,1,1);
INSERT INTO `catalogo_tratamiento` (`id`,`especialidad_id`, `nombre`,`codigo`,`estado`, `tiene_precio`) VALUES (50004,4013,'PROTESIS FIJA',null,1,1);
INSERT INTO `catalogo_tratamiento` (`id`,`especialidad_id`, `nombre`,`codigo`,`estado`, `tiene_precio`) VALUES (50005,4013,'PROTESIS REMOVIBLE',null,1,1);
INSERT INTO `catalogo_tratamiento` (`id`,`especialidad_id`, `nombre`,`codigo`,`estado`, `tiene_precio`) VALUES (50006,4013,'PROTESIS TOTAL',null,1,1);
INSERT INTO `catalogo_tratamiento` (`id`,`especialidad_id`, `nombre`,`codigo`,`estado`, `tiene_precio`) VALUES (50007,4013,'CORONA',null,1,1);
INSERT INTO `catalogo_tratamiento` (`id`,`especialidad_id`, `nombre`,`codigo`,`estado`, `tiene_precio`) VALUES (50008,4006,'IMPLANTE NECESARIO',null,1,1);
INSERT INTO `catalogo_tratamiento` (`id`,`especialidad_id`, `nombre`,`codigo`,`estado`, `tiene_precio`) VALUES (50009,4006,'IMPLANTE REALIZADO',null,1,0);
INSERT INTO `catalogo_tratamiento` (`id`,`especialidad_id`, `nombre`,`codigo`,`estado`, `tiene_precio`) VALUES (50010,4013,'CARRILAS NECESARIO',null,1,1);
INSERT INTO `catalogo_tratamiento` (`id`,`especialidad_id`, `nombre`,`codigo`,`estado`, `tiene_precio`) VALUES (50011,4013,'CARRILAS REALIZADO',null,1,0);
INSERT INTO `catalogo_tratamiento` (`id`,`especialidad_id`, `nombre`,`codigo`,`estado`, `tiene_precio`) VALUES (50012,4013,'Obturación (curación)',null,1,1);
INSERT INTO `catalogo_tratamiento` (`id`,`especialidad_id`, `nombre`,`codigo`,`estado`, `tiene_precio`) VALUES (50013,4013,'Incrustación',null,1,1);
INSERT INTO `catalogo_tratamiento` (`id`,`especialidad_id`, `nombre`,`codigo`,`estado`, `tiene_precio`) VALUES (1,4013,'NA',null,1,0);
INSERT INTO `catalogo_tratamiento` (`id`,`especialidad_id`, `nombre`,`codigo`,`estado`, `tiene_precio`) VALUES (50014,4013,'TRATAMIENTO 2','T01.3',1,1);
INSERT INTO `catalogo_tratamiento` (`id`,`especialidad_id`, `nombre`,`codigo`,`estado`, `tiene_precio`) VALUES (50015,4013,'TRATAMIENTO 3','T01.4',1,1);

INSERT INTO `catalogo_diagnostico` (`id`,`especialidad_id`, `nombre`,`codigo`,`estado`) VALUES (60000,4016,'OBTURADO',null,1);
INSERT INTO `catalogo_diagnostico` (`id`,`especialidad_id`, `nombre`,`codigo`,`estado`) VALUES (60001,4013,'PÉRDIDA POR CARIES',null,1);
INSERT INTO `catalogo_diagnostico` (`id`,`especialidad_id`, `nombre`,`codigo`,`estado`) VALUES (60002,4013,'PÉRDIDA (OTRA CAUSA)',null,1);
INSERT INTO `catalogo_diagnostico` (`id`,`especialidad_id`, `nombre`,`codigo`,`estado`) VALUES (60003,4013,'CARIES',null,1);
INSERT INTO `catalogo_diagnostico` (`id`,`especialidad_id`, `nombre`,`codigo`,`estado`) VALUES (60004,4013,'Surcos y Fosas Profundas',null,1);
INSERT INTO `catalogo_diagnostico` (`id`,`especialidad_id`, `nombre`,`codigo`,`estado`) VALUES (60005,4013,'Traumatismos',null,1);
INSERT INTO `catalogo_diagnostico` (`id`,`especialidad_id`, `nombre`,`codigo`,`estado`) VALUES (60006,4013,'Proceso Infeccioso',null,1);
INSERT INTO `catalogo_diagnostico` (`id`,`especialidad_id`, `nombre`,`codigo`,`estado`) VALUES (60007,4013,'Remanente Radicular',null,1);
INSERT INTO `catalogo_diagnostico` (`id`,`especialidad_id`, `nombre`,`codigo`,`estado`) VALUES (60008,4013,'Fractura Radicular',null,1);
INSERT INTO `catalogo_diagnostico` (`id`,`especialidad_id`, `nombre`,`codigo`,`estado`) VALUES (60009,4013,'Enfermedar Periodontal',null,1);
INSERT INTO `catalogo_diagnostico` (`id`,`especialidad_id`, `nombre`,`codigo`,`estado`) VALUES (60010,4013,'Ortodoncia',null,1);
INSERT INTO `catalogo_diagnostico` (`id`,`especialidad_id`, `nombre`,`codigo`,`estado`) VALUES (60011,4013,'Protesis Adhesiva',null,1);
INSERT INTO `catalogo_diagnostico` (`id`,`especialidad_id`, `nombre`,`codigo`,`estado`) VALUES (60012,4013,'Terceros Molares Incluidos',null,1);
INSERT INTO `catalogo_diagnostico` (`id`,`especialidad_id`, `nombre`,`codigo`,`estado`) VALUES (60013,4013,'Dientes Suprarenales',null,1);
INSERT INTO `catalogo_diagnostico` (`id`,`especialidad_id`, `nombre`,`codigo`,`estado`) VALUES (60014,4013,'Razones Protesicas',null,1);
INSERT INTO `catalogo_diagnostico` (`id`,`especialidad_id`, `nombre`,`codigo`,`estado`) VALUES (60015,4013,'Proceso Infeccioso',null,1);
INSERT INTO `catalogo_diagnostico` (`id`,`especialidad_id`, `nombre`,`codigo`,`estado`) VALUES (60016,4013,'Accidente Pulpar',null,1);
INSERT INTO `catalogo_diagnostico` (`id`,`especialidad_id`, `nombre`,`codigo`,`estado`) VALUES (60017,4013,'Exposición Pulpar',null,1);
INSERT INTO `catalogo_diagnostico` (`id`,`especialidad_id`, `nombre`,`codigo`,`estado`) VALUES (60018,4013,'Caries Profunda',null,1);
INSERT INTO `catalogo_diagnostico` (`id`,`especialidad_id`, `nombre`,`codigo`,`estado`) VALUES (60019,4013,'Edentulo Parcial',null,1);
INSERT INTO `catalogo_diagnostico` (`id`,`especialidad_id`, `nombre`,`codigo`,`estado`) VALUES (60020,4013,'Restauraciones Complejas',null,1);
INSERT INTO `catalogo_diagnostico` (`id`,`especialidad_id`, `nombre`,`codigo`,`estado`) VALUES (60021,4013,'Razones Esteticas',null,1);
INSERT INTO `catalogo_diagnostico` (`id`,`especialidad_id`, `nombre`,`codigo`,`estado`) VALUES (60022,4013,'Edentulo Parcial',null,1);
INSERT INTO `catalogo_diagnostico` (`id`,`especialidad_id`, `nombre`,`codigo`,`estado`) VALUES (60023,4013,'Estetica',null,1);


INSERT INTO `tratamiento_precio` (`descripcion`, `estado`, `fecha_creacion`, `catalogo_tratamiento_id`, `valor`) VALUES ('1 pieza', 1, '2018-09-30 00:00:00', '50000', '100');
INSERT INTO `tratamiento_precio` (`descripcion`, `estado`, `fecha_creacion`, `catalogo_tratamiento_id`, `valor`) VALUES ('1 corona', 1, '2018-09-30 00:00:00', '50002', '199.99');
INSERT INTO `tratamiento_precio` (`descripcion`, `estado`, `fecha_creacion`, `catalogo_tratamiento_id`, `valor`) VALUES ('1 corona', 1, '2018-09-30 00:00:00', '50003', '16.33');
INSERT INTO `tratamiento_precio` (`descripcion`, `estado`, `fecha_creacion`, `catalogo_tratamiento_id`, `valor`) VALUES ('1 carilla', 1, '2018-09-30 00:00:00', '50004', '13.33');
INSERT INTO `tratamiento_precio` (`descripcion`, `estado`, `fecha_creacion`, `catalogo_tratamiento_id`, `valor`) VALUES ('1 pieza', 1, '2018-09-30 00:00:00', '50005', '19.86');
INSERT INTO `tratamiento_precio` (`descripcion`, `estado`, `fecha_creacion`, `catalogo_tratamiento_id`, `valor`) VALUES ('1 pieza', 1, '2018-09-30 00:00:00', '50006', '56.25');
INSERT INTO `tratamiento_precio` (`descripcion`, `estado`, `fecha_creacion`, `catalogo_tratamiento_id`, `valor`) VALUES ('1 pieza', 1, '2018-09-30 00:00:00', '50007', '100');
INSERT INTO `tratamiento_precio` (`descripcion`, `estado`, `fecha_creacion`, `catalogo_tratamiento_id`, `valor`) VALUES ('1 pieza', 1, '2018-09-30 00:00:00', '50008', '35.00');
INSERT INTO `tratamiento_precio` (`descripcion`, `estado`, `fecha_creacion`, `catalogo_tratamiento_id`, `valor`) VALUES ('1 pieza', 1, '2018-09-30 00:00:00', '50010', '400.00');
INSERT INTO `tratamiento_precio` (`descripcion`, `estado`, `fecha_creacion`, `catalogo_tratamiento_id`, `valor`) VALUES ('1 pieza', 1, '2018-09-30 00:00:00', '50012', '1260.00');
INSERT INTO `tratamiento_precio` (`descripcion`, `estado`, `fecha_creacion`, `catalogo_tratamiento_id`, `valor`) VALUES ('1 pieza', 1, '2018-09-30 00:00:00', '50013', '2300.00');
INSERT INTO `tratamiento_precio` (`descripcion`, `estado`, `fecha_creacion`, `catalogo_tratamiento_id`, `valor`) VALUES ('1 pieza', 1, '2018-09-30 00:00:00', '50014', '256');
INSERT INTO `tratamiento_precio` (`descripcion`, `estado`, `fecha_creacion`, `catalogo_tratamiento_id`, `valor`) VALUES ('1 pieza', 1, '2018-09-30 00:00:00', '50015', '13.33');

INSERT INTO `diagnostico_tratamiento` (`catalogo_diagnostico_id`, `catalogo_tratamiento_id`, `editable`) VALUES (60003,50003,0);
INSERT INTO `diagnostico_tratamiento` (`catalogo_diagnostico_id`, `catalogo_tratamiento_id`, `editable`) VALUES (60003,50012,0);
INSERT INTO `diagnostico_tratamiento` (`catalogo_diagnostico_id`, `catalogo_tratamiento_id`, `editable`) VALUES (60003,50002,0);
INSERT INTO `diagnostico_tratamiento` (`catalogo_diagnostico_id`, `catalogo_tratamiento_id`, `editable`) VALUES (60003,50013,0);
INSERT INTO `diagnostico_tratamiento` (`catalogo_diagnostico_id`, `catalogo_tratamiento_id`, `editable`) VALUES (60000,1,0);
INSERT INTO `diagnostico_tratamiento` (`catalogo_diagnostico_id`, `catalogo_tratamiento_id`, `editable`) VALUES (60001,50008,0);
INSERT INTO `diagnostico_tratamiento` (`catalogo_diagnostico_id`, `catalogo_tratamiento_id`, `editable`) VALUES (60001,50004,0);
INSERT INTO `diagnostico_tratamiento` (`catalogo_diagnostico_id`, `catalogo_tratamiento_id`, `editable`) VALUES (60001,50005,0);
INSERT INTO `diagnostico_tratamiento` (`catalogo_diagnostico_id`, `catalogo_tratamiento_id`, `editable`) VALUES (60001,50006,0);
INSERT INTO `diagnostico_tratamiento` (`catalogo_diagnostico_id`, `catalogo_tratamiento_id`, `editable`) VALUES (60002,50008,0);
INSERT INTO `diagnostico_tratamiento` (`catalogo_diagnostico_id`, `catalogo_tratamiento_id`, `editable`) VALUES (60002,50004,0);
INSERT INTO `diagnostico_tratamiento` (`catalogo_diagnostico_id`, `catalogo_tratamiento_id`, `editable`) VALUES (60002,50005,0);
INSERT INTO `diagnostico_tratamiento` (`catalogo_diagnostico_id`, `catalogo_tratamiento_id`, `editable`) VALUES (60002,50006,0);
INSERT INTO `diagnostico_tratamiento` (`catalogo_diagnostico_id`, `catalogo_tratamiento_id`, `editable`) VALUES (60004,50000,0);
INSERT INTO `diagnostico_tratamiento` (`catalogo_diagnostico_id`, `catalogo_tratamiento_id`, `editable`) VALUES (60004,50001,0);
INSERT INTO `diagnostico_tratamiento` (`catalogo_diagnostico_id`, `catalogo_tratamiento_id`, `editable`) VALUES (60005,50002,0);
INSERT INTO `diagnostico_tratamiento` (`catalogo_diagnostico_id`, `catalogo_tratamiento_id`, `editable`) VALUES (60006,50002,0);
INSERT INTO `diagnostico_tratamiento` (`catalogo_diagnostico_id`, `catalogo_tratamiento_id`, `editable`) VALUES (60007,50002,0);
INSERT INTO `diagnostico_tratamiento` (`catalogo_diagnostico_id`, `catalogo_tratamiento_id`, `editable`) VALUES (60008,50002,0);
INSERT INTO `diagnostico_tratamiento` (`catalogo_diagnostico_id`, `catalogo_tratamiento_id`, `editable`) VALUES (60009,50002,0);
INSERT INTO `diagnostico_tratamiento` (`catalogo_diagnostico_id`, `catalogo_tratamiento_id`, `editable`) VALUES (60010,50002,0);
INSERT INTO `diagnostico_tratamiento` (`catalogo_diagnostico_id`, `catalogo_tratamiento_id`, `editable`) VALUES (60011,50002,0);
INSERT INTO `diagnostico_tratamiento` (`catalogo_diagnostico_id`, `catalogo_tratamiento_id`, `editable`) VALUES (60012,50002,0);
INSERT INTO `diagnostico_tratamiento` (`catalogo_diagnostico_id`, `catalogo_tratamiento_id`, `editable`) VALUES (60013,50002,0);
INSERT INTO `diagnostico_tratamiento` (`catalogo_diagnostico_id`, `catalogo_tratamiento_id`, `editable`) VALUES (60014,50002,0);
INSERT INTO `diagnostico_tratamiento` (`catalogo_diagnostico_id`, `catalogo_tratamiento_id`, `editable`) VALUES (60015,50003,0);
INSERT INTO `diagnostico_tratamiento` (`catalogo_diagnostico_id`, `catalogo_tratamiento_id`, `editable`) VALUES (60016,50003,0);
INSERT INTO `diagnostico_tratamiento` (`catalogo_diagnostico_id`, `catalogo_tratamiento_id`, `editable`) VALUES (60017,50003,0);
INSERT INTO `diagnostico_tratamiento` (`catalogo_diagnostico_id`, `catalogo_tratamiento_id`, `editable`) VALUES (60018,50003,0);
INSERT INTO `diagnostico_tratamiento` (`catalogo_diagnostico_id`, `catalogo_tratamiento_id`, `editable`) VALUES (60019,50004,0);
INSERT INTO `diagnostico_tratamiento` (`catalogo_diagnostico_id`, `catalogo_tratamiento_id`, `editable`) VALUES (60019,50005,0);
INSERT INTO `diagnostico_tratamiento` (`catalogo_diagnostico_id`, `catalogo_tratamiento_id`, `editable`) VALUES (60019,50006,0);
INSERT INTO `diagnostico_tratamiento` (`catalogo_diagnostico_id`, `catalogo_tratamiento_id`, `editable`) VALUES (60020,50007,0);
INSERT INTO `diagnostico_tratamiento` (`catalogo_diagnostico_id`, `catalogo_tratamiento_id`, `editable`) VALUES (60021,50007,0);
INSERT INTO `diagnostico_tratamiento` (`catalogo_diagnostico_id`, `catalogo_tratamiento_id`, `editable`) VALUES (60022,50008,0);
INSERT INTO `diagnostico_tratamiento` (`catalogo_diagnostico_id`, `catalogo_tratamiento_id`, `editable`) VALUES (60022,50009,0);
INSERT INTO `diagnostico_tratamiento` (`catalogo_diagnostico_id`, `catalogo_tratamiento_id`, `editable`) VALUES (60023,50010,0);
INSERT INTO `diagnostico_tratamiento` (`catalogo_diagnostico_id`, `catalogo_tratamiento_id`, `editable`) VALUES (60023,50011,0);

